ID,Views
RY4VG5RQ,2995
GC3AB2CT,1856
HE3HR5BG,1169
HM2QZ8VB,1153
WQ4ZG5CB,1003
ZK7DX7WE,892
YS6QR7XJ,750
ZA9HS3UE,695
ET9UA9WM,665
ZE3FG7SD,582
PE8XN5NH,489
JQ5PZ4RM,421
QA8XH8NE,388
AE9TX4ZX,332
DW4PR4AK,311
KY6JZ4BC,250
XA8ET9QV,247
RA8AG8VG,223
SF8GQ5DQ,215
FD4YD6PP,207
YG8FJ9FG,200
XW4YU9WY,182
FC3YE3JK,135
GC5WA9AD,114
QN4JK2UD,111
TZ7TK6GV,109
TC8NC2SH,20
NS9AZ2NV,444
ZQ4FM8NN,410
XH9EV9XJ,5074
FR6SQ2HB,2757
SY3ET3YQ,2340
WF6KS3HF,2195
FS3RX4AT,2162
XC3SM9ES,2054
MC8MA8YZ,1736
DY7QT3UQ,1454
GX4FQ8NP,1314
XK7KC9WX,1297
FW4ZC8YH,1022
AN6KN6ST,862
XG7EN2SY,793
NC4EU2CF,790
TE4YV6SY,543
EM2GS9PV,523
VF7QT6PU,491
RS3ZP5AY,431
CN4HP3BV,415
HG7QS4XK,415
TS9CZ6NV,398
HE3FW9SU,389
MU6TP6MS,360
QN8HW7AK,336
CU2EM8CE,323
SY4MQ7ST,300
PG6DU4QP,270
UQ4SF5NK,266
XH2BJ2CA,261
MQ9AC3YE,236
HH2SC9FF,231
YA6SG7RC,231
ZA4TA9CS,224
VR9MY3QZ,205
VV9YZ2XB,195
HH9PF6GY,184
WG8FQ3FJ,147
WS5XD7YV,140
AJ6CY2MX,137
TF3ZM8FJ,130
YK3UJ2BC,129
FB2TF6DC,120
MJ4EX3EF,119
TM2HK5VZ,118
ZE7SY2RV,114
DR6QJ3CG,94
HW3TH3TP,86
EE5RR4MY,73
UX6MQ7KF,73
DW6JQ9XS,72
TW4HU5FH,72
CP5TQ6QF,71
RY6YX9BC,71
AM8PM8JU,70
TJ9AX9VN,69
BB4HV3NK,66
AT7QC9UV,62
EG5XZ5RT,56
HY3QP7EM,56
AU2JQ9XW,49
AE2PY9ZC,40
TW9XG7CF,39
YF8JF9TA,37
ZZ9YN2SW,30
SN9JJ5DZ,5320
BM7ZP5CR,3763
KR3PE6JF,3648
RP5BA8PY,2909
DQ6CB2ZE,2302
FS7MX8TM,2159
WK6XM2JP,2149
ME3FN5ZV,1860
GN7CB4SG,1731
JE3VZ6AP,1673
GC9KE9DR,1401
TW2PY2ZJ,1397
SB7DX6CB,1305
KC7NM8VP,1270
HJ9BX6BK,1169
FT6CX5DE,1072
CG5UN3AB,1065
ZQ2HD7ES,1050
HZ3MJ4HP,1048
XA8JK6BJ,973
PH4RP7HR,967
HF6JA5FE,914
GA8UX8HR,904
DS5QS6WT,721
JR4DU3BU,693
DA7AZ8WT,686
XK2FZ6NG,666
VC3WD8RX,635
PY2DM8GY,591
MH5XV8MP,590
XU7ZD8NP,587
AE7WH9QJ,580
HA4YV2EN,565
XV6PS3FA,519
XB3FH3FF,501
YS6YX2RQ,485
RQ5KY4GK,444
YM7HT7YK,444
XM6GP3PM,441
JP9VM4GW,428
QM2JE4GP,398
AG2KX8TU,391
PW2BV6RR,384
YK6BN2AN,350
XV8UV8YB,349
JD4RA6VR,312
NC8RE3DV,309
JG4ZT6YP,303
XS4EC8QM,298
UC5ZX6SC,291
GZ4QC3WB,282
FR2MH9YB,271
WB7WN4ZZ,255
VM9YG6QJ,247
PA2VQ4VK,243
EQ2EZ6YY,232
VT2PA6WC,216
DP7NQ3HH,215
PC6JK6SC,203
PP5SV2BX,203
HE4XY7TW,196
SK2DY7TM,192
FM5HU8VW,190
WQ8ZU5DF,178
WY2FH6UY,178
KH8JD8HE,173
KG3KM8JV,164
NF5FD2RZ,162
HY7DE5HZ,159
ZW7JA6CS,159
AG7MM2MH,150
TB2NX2VG,143
FM7UW6XZ,140
PN7NJ3FK,140
DN3XF7UF,137
FM3EG8HZ,134
WZ6XF5KV,134
KN4QW6JN,121
KP2ZY7WA,119
RF2FB9UW,112
SF3DU6CY,109
UA5WP8EX,108
PS9MN5CB,107
VP7QX3UF,103
QK9DV2HG,100
NM2CC8MZ,98
UJ5JY6PN,96
RA3EC7CT,95
UR8EE3TR,94
MC2JC9CJ,88
PC6WF9PD,88
HX9CY4YQ,87
JF5WS6MH,84
WS5TS5HC,81
HP6TR2AW,80
CJ2BF7EP,78
FD9VF3NY,78
QK2MP7ZV,78
EN4EQ9YW,77
WK2NZ5BV,77
PQ6XK5FG,76
RZ8TJ7KN,71
YE3WA5MM,71
GB7CM2NN,69
FR4JZ6GA,68
JK2WE2JY,58
NR2XJ8HT,55
FN8KJ7RX,54
KH3AC3PQ,54
DF2UG2AZ,53
GK3UH3UR,53
HG9GY5WK,52
GF8YK4TH,49
GX7PU6HK,44
ZY8SN2RF,40
SQ2VA6NB,38
XV4SQ3VJ,37
UV9DY7CJ,35
NR3NX9CK,31
ZQ7XC2DY,31
FU5SS8EA,31
JN3NK4VQ,28
PP6BM4BW,28
QD7TR7DM,28
CX4NZ4TC,27
JY4QH9SM,26
GQ4ZS4AN,25
PS6VK5TS,25
QE3XG9ND,15
YU7JZ6SQ,11
CK4EV5GY,7
NJ8YU9HA,1
AT3AR6ST,3684
UE9NN6ZA,3190
PY5JQ3BV,2222
WP7WC6GY,2106
PZ6FU8AM,1436
NT8QU7CR,1423
PQ9VZ2VN,1329
PR8FY8QR,1088
VJ6DE5DM,1048
QM2VG5BS,1009
VZ6TF2BU,924
HX2RW4QC,871
EP9JQ9UZ,788
YW9JS7GA,780
HQ2PU6NP,716
QF8AE4DJ,700
AM6HF6UY,645
QW8YR7DP,639
AK2YK6PP,608
GR6CU2MN,604
ZU2FX4BM,566
WH3NA7HX,509
DN7MD4WK,461
PX7HV6XF,396
XS4UC5QW,393
GN6KW8KV,372
GQ9HR4SY,372
YG9UZ6AD,366
DR9RH3DK,331
CM9WW8WP,312
HU2NT3HK,302
GD2VC7TW,282
PB3CW6UH,277
BH9VZ2CT,274
KN2TR3WD,231
BF3RF7DU,229
SK7CF5VE,228
UX8HT9QK,228
UW8CQ2KH,224
VE4GH6WS,224
TG2ZG5NG,218
FV9WF4JT,216
GJ4CG9AA,215
FC3YC6GW,211
ZW6DV4CM,205
MY2SW7PA,197
RP6DQ6GQ,196
AT6XR8NU,182
YJ8ZR4MZ,182
XJ4US6BW,179
RB7DC6CQ,178
KV9FZ8CB,172
HH2HB5AR,166
VP8TT7JW,166
EV9KW7JY,163
CU2BB6RB,161
SK9YN4GA,137
AQ4VA8XN,125
FW3EB4TH,123
HK8AX6FK,123
QJ9YM9AX,123
CN7ZR5BA,120
FP6CE9VJ,102
TZ2DC3QR,100
GX9PW3PK,93
QX2AE6ZA,87
QM2HG6WW,82
VQ5TX2GN,82
SM5QD4NK,75
FT8VU9KN,72
AZ8MP9DS,71
TQ9QK8WY,70
GZ9WQ7SR,64
MQ5KW5XJ,62
AV4DW7AZ,59
HB9WZ9YU,55
DE6MJ4KU,45
YD3XY8MJ,23
ZC9BE4DM,18
HC5CZ8EV,12
HQ8SP3RY,10
FA2QX7RQ,51
FE9PP8FR,35
RG9JG6AR,18
UK4VS2KG,2950
RD8ZV4KB,1396
UR3NS2JG,1103
WU3SA5TW,967
AM4TP5MJ,779
VU2CS3SE,751
WB9DP2XE,695
VE8HR5HH,669
TM2EQ2NR,607
GD6YW6UN,591
ZJ5SU7MR,576
KD9NN6KW,416
BF7NG3QQ,405
CU7YU5MJ,349
CJ7XE4SU,321
AK9BN4BU,301
YB6AX4PY,2826
CM3XZ7FC,2414
SG9FD9WY,2258
PT4MT5DY,2148
ST7UD7TW,1715
YB4EN3YW,1588
NH7YR2ME,1575
AS2NJ6ZB,1399
RB9VW3CH,1288
JG6NM3ET,1198
AW5RK4JP,1188
BB2GS3ND,1149
KK3CH6CS,1108
NZ9ZM6KZ,1067
XQ4DB5SS,981
TC5NU5DK,894
JG8AR7DD,806
UE3XC8GH,764
WQ9XB4FU,734
NK6TE2SJ,729
JD4WR3WY,712
SK2XY4HG,530
MY2BG8PK,518
YK3BT9QK,505
NJ3TT4AA,500
WY2HX8WC,464
BG9FA3TT,446
DD8JW3FF,397
MH9PH8SX,383
RN9JY9NE,376
QY9YT2KM,366
GB7ZN9VE,360
FA2VS7TC,338
ZC3QX4QX,317
QV9CC9SQ,313
MK9YT4VT,310
MA5MN3UT,255
WE5EC4BP,224
RH7BF4GD,214
VG9DQ7SR,189
UX5JN8DE,172
NT9DC4VD,168
FS2XZ6DQ,167
MJ6HX9PP,165
VY9JC8ZQ,163
TM3YE5JN,149
NW8DJ8FU,142
HP6EZ3DC,112
ZW3EP9ST,105
WA8NK9PT,73
VW9YU6VC,38
BP9NM8SZ,27
MV6CQ7UE,734
MB8VH5VP,676
NC4YT2ZZ,458
NP2QN2YD,337
MV3ZR5QE,283
MM3RH7SD,111
FY6XN4CD,1372
EN4FM2DT,1213
GR4AG8AR,1109
FD5PZ9WV,820
GW7TK3ET,800
ZU7FK8AC,578
CQ3NK7EH,578
ZV6BJ8MB,563
JQ6NN2HR,540
TT8ME2BB,401
MF9TH5AX,274
PE4XE7PY,236
TG5WG3HP,210
MB4JT3AT,198
BY3KJ4VU,183
YR2NS4FJ,173
ZT2XH3EH,170
XR3VR4XQ,168
QP9TS2UT,164
UX4QK7MM,159
TW9MG3FJ,149
DJ3KS2QZ,142
KS6RA5JF,129
WU9JS9XU,127
TE4DX9SX,126
BM8QB3NZ,109
AJ2DF3KG,107
FS3RQ9KZ,101
AK9EW2VK,99
UA6WH9BP,59
UW8KW9HJ,58
GE5BN6TE,4872
ZT5EN3EQ,1499
QZ2PH9BF,883
JV6CY8DR,819
AC9ZE9ER,721
CS4BB3EX,705
TX9QZ6PJ,618
FT9TF8AJ,530
TA8FS6NF,492
AJ2BH8VT,482
AR2TU5VN,422
YA6TT6WZ,405
CQ9JM7FT,395
MK9JC6GU,354
GM5UH2VC,330
AT9HH6FQ,315
HH5JG7SG,275
SG5ZP6PV,275
HZ3WJ6AD,187
JZ5NU4CX,177
VH4NR5GE,170
KK5NP6PK,134
DY6HW8FD,127
HR4DC5TN,118
CQ9DS3RJ,109
YE6AG8UB,105
QA3AD9JK,77
HF2FJ2MB,70
FE8ZW9JS,63
MR5VD6SA,57
YM3WP6HK,57
EX4WB6EV,47
NX2AN4MN,42
QE5BF3QN,38
XW9FQ9JT,33
XA9NU4KC,21
AS4EN9DN,17
NX6GX7JF,552
NZ7WX9SY,484
NW3ES6WD,209
EK3EA2RC,149
YJ9QH8PD,123
PF8HT3MP,102
VN3JJ2RW,70
WX5TE5UG,55
FH9MH6WH,442
SQ8YA8YH,326
RY6HN6WB,289
XR4AQ5NH,146
YW7PS2EA,89
VG3AW7WP,64
AY6YZ4CT,42
FY4EJ9CS,29
SU4KK9TW,18
HN7DJ2VC,1405
EQ3JB9WU,3202
YD7KV2EY,2852
SD5AB7NW,1846
GU8TF8CE,1177
VX3UH9BZ,1138
NH3RV8BC,1036
PV3HZ3VM,848
TV8DJ4CJ,840
NH4UT7DJ,796
XW9ZC4FE,646
JY6WU5GN,634
ZT8JW5PR,627
HD2XF4AF,619
ZG5WB3CM,594
DF5RT4FN,510
HQ8MK8WG,500
FP8VM7CS,490
PU9MV2YJ,469
KT2VT4XS,461
NK9TH7FG,451
TP3RZ7UZ,447
WB5CJ9TU,445
YF7AZ7WV,386
XW3BJ8VS,379
BU2HZ5VQ,364
UQ4RW2QJ,343
AM4YA3UJ,303
VG8CE2MC,271
YM9CU4HP,248
KE6DZ9RK,248
UH6WY7EJ,225
CE5BK3XN,222
PY6MV2FW,201
KK2HD6PP,182
VD7QC2CS,182
UZ7GK9TK,165
YG3YY6VP,165
YW8XD5GY,138
BK9VJ7XE,135
EP9PV2NB,114
VU4ZD2KT,113
CB6NT2FB,111
HE8JD9PV,103
FH2DY3SV,102
QG6NA5ZY,99
AQ6UU9CW,95
ZN5VG6DW,95
SR9ZB6GN,82
BU6AB7DS,70
TS6XH4FN,62
SF9DT7AZ,58
YH2VH5ZH,58
JJ5AP9CB,53
MB2PY6KQ,49
XU3ZG9DW,1295
XF9GQ8WH,450
GS6WM4VV,342
ZG8BX2EU,266
TJ5WC6GQ,121
XH3YD6VX,101
UJ3ME5GD,48
CQ7ZR3YV,1
SZ5UG9BE,5272
RS3XG4BH,2921
XD8FZ4KW,2228
MT7BN9JC,2115
AV7AD4QE,1939
CZ6TQ4BD,1889
GW9VT3HR,1882
NY8WH2RE,1491
MV7SQ4HN,989
KM6TS8EG,172
AK5ER2SR,688
AQ9FV7JT,345
AJ9NZ2NR,322
SA2QQ2EA,1033
BM9JR9FG,862
NG9GM3AX,609
NW5WK9YC,569
RJ2SU8CE,504
ZT6FT7CZ,503
UR2EZ8KZ,496
AT7KC6JY,466
CM3MR2KK,461
JA5UW7XE,439
AW7VM4NC,437
EC6VG5FP,401
CB4AR3SX,395
ZM3WP8UX,370
GM9EY9RT,306
YV7TK6UY,293
BK8SA5UF,284
BP9MC7NY,277
MW4GC3JR,276
FY2MK7WW,229
NR8EG7VA,223
CW5UH5SG,210
FT8XW2QQ,203
HV7PG7VQ,199
DZ4VH6PB,193
FV2QG7MK,192
AG4DP8VM,190
BN2ES2YY,173
JC4PN7PR,171
EJ6AU7GQ,165
AK5QE8QE,160
HY9SV2FP,151
RE7PJ6DF,139
DQ7ZP4NM,119
PC7PR3NX,79
TC5QJ7PB,76
GW8VT8ZB,49
HS2FF3SB,46
ZZ2QJ3PR,1470
TC9WK5RV,1441
ZE5KD7KF,1102
YS3BY2YU,1088
KU7SH3FC,922
XD2VG7MN,815
BW3CH3WB,653
SH9QQ5YW,646
YB3AW4EW,609
DV2MW9MK,538
ES5CE5HX,499
YF5FG5VF,473
CY9YE9ZB,445
FM3HP8PG,421
ET5QJ5BF,418
DN4TH4MG,412
BD2RD4QU,370
DX5HJ3MD,323
KT2MT7FM,322
BJ9PU7TS,319
QR8RJ8NG,309
FW5UK7EP,296
JH7AT5DX,249
DU4GR9ED,233
XX5HG8FA,140
NK5CB9YU,118
AX7FJ7NK,102
CW5RY9FP,69
XU8WN7FR,42
QD3NV9KM,30
CT6QW9SA,1297
BM4VK4FX,772
GB6DZ7SU,462
HW3WJ9ND,421
XN7PR4KC,360
QR8KY9CG,239
TR4PV6DR,214
MA7FJ3XM,203
CK2RV4NM,202
DW6PR2XE,192
AT4TX5ZP,184
MT9NN6CB,173
SK4ZM9QF,162
QR7YC2JJ,145
HW8EC9TF,142
SK8ER4EW,131
GA5JH3XG,119
WA6ZB6BC,88
WWHX8XWH,81
MX6ZB7ZR,63
FT7WQ3TK,42
JT5TD7ZS,37
PF9WY4ZB,31
PM7ME8YF,1
